10075,RIO DE JANEIRO,OK
10131,RIO DE JANEIRO,REJECTED - SIGNATURES MISSING
10285,SALVADOR,OK
10404,SALVADOR,OK
10574,RIO DE JANEIRO,REJECTED - PAGES MISSING
10693,SALVADOR,OK
11250,RIO DE JANEIRO,REJECTED - PAGES MISSING
11367,SALVADOR,OK
18887,RIO DE JANEIRO,REJECTED - PAGES MISSING
67773,SÃO PAULO,REJECTED - PAGES MISSING
72014,SÃO PAULO,REJECTED - SIGNATURES MISSING
84784,RIO DE JANEIRO,REJECTED - PAGES MISSING
88946,RIO DE JANEIRO,REJECTED - SIGNATURES MISSING
110757,RIO DE JANEIRO,REJECTED - SIGNATURES MISSING
113276,SÃO PAULO,REJECTED - SIGNATURES MISSING
113612,SALVADOR,REJECTED - SIGNATURES MISSING
113719,SÃO PAULO,REJECTED - SIGNATURES MISSING
188934,SÃO PAULO,OK
192418,SÃO PAULO,OK
409942,RIO DE JANEIRO,OK
410791,RIO DE JANEIRO,OK
488738,RIO DE JANEIRO,OK
524550,SÃO PAULO,OK
570238,RIO DE JANEIRO,OK
600216,RIO DE JANEIRO,OK
601854,RIO DE JANEIRO,OK
605519,SÃO PAULO,OK
609289,SALVADOR,OK
613432,SALVADOR,OK
614493,SALVADOR,OK
616484,SALVADOR,OK
619071,SÃO PAULO,OK
619765,RIO DE JANEIRO,OK
621613,SALVADOR,OK
621613,SALVADOR,OK
621702,SÃO PAULO,OK
622308,RIO DE JANEIRO,OK
624901,SALVADOR,OK
624901,SALVADOR,OK
628847,RIO DE JANEIRO,OK
629775,RIO DE JANEIRO,OK
631063,RIO DE JANEIRO,OK
631821,RIO DE JANEIRO,REJECTED - PAGES MISSING
632028,SALVADOR,OK
633465,SÃO PAULO,OK
634357,RIO DE JANEIRO,OK
634435,RIO DE JANEIRO,OK
634756,RIO DE JANEIRO,OK
635278,SALVADOR,OK
635326,SÃO PAULO,OK
635579,SALVADOR,REJECTED - PAGES MISSING
637803,SALVADOR,OK
638454,SALVADOR,OK
638630,RIO DE JANEIRO,OK
639687,SÃO PAULO,OK
640622,SÃO PAULO,OK
640734,SALVADOR,OK
642323,SÃO PAULO,OK
642729,RIO DE JANEIRO,OK
643564,RIO DE JANEIRO,OK
644225,SÃO PAULO,OK
645351,SALVADOR,OK
646332,RIO DE JANEIRO,OK
646493,RIO DE JANEIRO,OK
646521,SALVADOR,OK
647462,SÃO PAULO,OK
647571,SÃO PAULO,OK
648617,RIO DE JANEIRO,OK
649244,RIO DE JANEIRO,OK
650079,SALVADOR,OK
650079,SALVADOR,OK
651891,SALVADOR,OK
651891,SALVADOR,OK
652728,SALVADOR,OK
652800,SÃO PAULO,OK
652921,SALVADOR,OK
653722,SALVADOR,OK
653722,SALVADOR,OK
653810,SALVADOR,OK
654236,RIO DE JANEIRO,OK
655154,RIO DE JANEIRO,OK
656014,SALVADOR,OK
657144,SÃO PAULO,OK
659173,RIO DE JANEIRO,OK
659323,SALVADOR,OK
660702,SALVADOR,OK
660702,SALVADOR,OK
660942,SALVADOR,OK
662148,RIO DE JANEIRO,OK
662322,SALVADOR,OK
662322,SALVADOR,OK
662628,RIO DE JANEIRO,OK
663595,SÃO PAULO,OK
664145,SÃO PAULO,OK
664612,SÃO PAULO,OK
665292,SALVADOR,OK
666526,RIO DE JANEIRO,OK
666889,RIO DE JANEIRO,OK
667183,SALVADOR,OK
667432,SÃO PAULO,OK
669326,RIO DE JANEIRO,OK
669728,RIO DE JANEIRO,OK
669875,SALVADOR,OK
669981,SALVADOR,OK
669981,SALVADOR,OK
670082,SALVADOR,OK
670082,SALVADOR,OK
670159,SALVADOR,OK
670381,SALVADOR,OK
670381,SALVADOR,OK
670629,SÃO PAULO,OK
672206,SÃO PAULO,OK
672445,RIO DE JANEIRO,OK
672911,SALVADOR,OK
673013,RIO DE JANEIRO,REJECTED - PAGES MISSING
673091,RIO DE JANEIRO,OK
673350,SALVADOR,OK
673376,SÃO PAULO,OK
673474,RIO DE JANEIRO,OK
673728,SALVADOR,OK
674334,SALVADOR,OK
675516,SALVADOR,OK
675754,SÃO PAULO,OK
675868,RIO DE JANEIRO,OK
676769,RIO DE JANEIRO,OK
677184,SALVADOR,OK
677184,SALVADOR,OK
677741,RIO DE JANEIRO,OK
677745,RIO DE JANEIRO,OK
677981,SALVADOR,OK
678203,SÃO PAULO,OK
678516,SÃO PAULO,OK
679003,RIO DE JANEIRO,OK
679106,SÃO PAULO,OK
679121,SALVADOR,OK
679121,SALVADOR,OK
679438,RIO DE JANEIRO,OK
679741,SALVADOR,OK
680309,SALVADOR,OK
680664,SALVADOR,OK
681333,SALVADOR,OK
681937,RIO DE JANEIRO,OK
682196,SÃO PAULO,OK
682648,SALVADOR,OK
682686,RIO DE JANEIRO,OK
682710,SALVADOR,OK
682753,SALVADOR,OK
682968,RIO DE JANEIRO,OK
683246,RIO DE JANEIRO,OK
683586,RIO DE JANEIRO,OK
683846,RIO DE JANEIRO,OK
683934,RIO DE JANEIRO,OK
684634,SALVADOR,OK
684842,SALVADOR,OK
685137,RIO DE JANEIRO,OK
685197,SALVADOR,OK
685751,RIO DE JANEIRO,REJECTED - PAGES MISSING
685959,RIO DE JANEIRO,OK
686185,SÃO PAULO,REJECTED - PAGES MISSING
687317,SALVADOR,OK
687357,SÃO PAULO,OK
687588,RIO DE JANEIRO,OK
687866,SÃO PAULO,OK
688364,RIO DE JANEIRO,OK
688369,RIO DE JANEIRO,REJECTED - PAGES MISSING
688594,SÃO PAULO,OK
688686,SALVADOR,OK
688686,SALVADOR,OK
688906,RIO DE JANEIRO,OK
688993,SALVADOR,OK
689368,RIO DE JANEIRO,OK
689641,SALVADOR,OK
689852,RIO DE JANEIRO,OK
690135,SALVADOR,OK
690273,SALVADOR,OK
690703,SÃO PAULO,REJECTED - PAGES MISSING
690754,SALVADOR,OK
690962,SÃO PAULO,OK
691191,SALVADOR,OK
691251,RIO DE JANEIRO,OK
691770,RIO DE JANEIRO,OK
691845,RIO DE JANEIRO,OK
692323,SÃO PAULO,OK
692478,RIO DE JANEIRO,OK
693166,SALVADOR,OK
693195,SALVADOR,OK
693503,SALVADOR,OK
694327,SALVADOR,REJECTED - PAGES MISSING
694587,RIO DE JANEIRO,OK
694705,SÃO PAULO,OK
694844,SALVADOR,OK
694935,SALVADOR,OK
695095,SÃO PAULO,REJECTED - PAGES MISSING
695164,SALVADOR,OK
695623,SALVADOR,OK
695623,SALVADOR,OK
696115,RIO DE JANEIRO,OK
697229,SALVADOR,OK
697229,SALVADOR,OK
697525,SÃO PAULO,OK
697638,SÃO PAULO,OK
697701,SÃO PAULO,OK
697817,SÃO PAULO,OK
697957,RIO DE JANEIRO,OK
698177,SALVADOR,REJECTED - PAGES MISSING
699063,RIO DE JANEIRO,OK
699308,SALVADOR,OK
699384,RIO DE JANEIRO,OK
699562,RIO DE JANEIRO,OK
699582,RIO DE JANEIRO,OK
700021,SALVADOR,OK
700119,SALVADOR,OK
700148,SALVADOR,OK
700261,RIO DE JANEIRO,OK
700463,SÃO PAULO,OK
701492,SÃO PAULO,OK
701648,SALVADOR,OK
701648,SALVADOR,OK
701824,SÃO PAULO,OK
701916,SALVADOR,OK
702734,SALVADOR,OK
702888,RIO DE JANEIRO,OK
703056,SALVADOR,OK
703056,SALVADOR,OK
703238,SALVADOR,OK
703389,RIO DE JANEIRO,OK
703402,SÃO PAULO,OK
703657,RIO DE JANEIRO,OK
703894,SALVADOR,OK
703895,SÃO PAULO,OK
703972,SÃO PAULO,OK
704117,SÃO PAULO,OK
704246,SÃO PAULO,OK
704570,RIO DE JANEIRO,OK
704634,RIO DE JANEIRO,OK
704953,RIO DE JANEIRO,OK
705041,RIO DE JANEIRO,OK
705512,SALVADOR,OK
706198,SALVADOR,OK
706254,SALVADOR,OK
706346,SALVADOR,REJECTED - PAGES MISSING
706346,SÃO PAULO,REJECTED - PAGES MISSING
706365,RIO DE JANEIRO,OK
706483,SÃO PAULO,OK
707348,SÃO PAULO,OK
708038,SALVADOR,OK
708038,SALVADOR,OK
708288,SALVADOR,OK
708714,SÃO PAULO,OK
709123,SALVADOR,OK
709958,RIO DE JANEIRO,OK
709985,SALVADOR,OK
710523,RIO DE JANEIRO,OK
710546,RIO DE JANEIRO,OK
711157,SALVADOR,REJECTED - PAGES MISSING
711412,SALVADOR,OK
712132,SALVADOR,OK
712592,RIO DE JANEIRO,OK
712831,SÃO PAULO,OK
713141,SALVADOR,OK
713987,RIO DE JANEIRO,OK
714188,RIO DE JANEIRO,OK
714261,SALVADOR,OK
714385,SALVADOR,OK
714574,SÃO PAULO,OK
715088,RIO DE JANEIRO,OK
715114,RIO DE JANEIRO,OK
715303,SÃO PAULO,OK
715304,SÃO PAULO,OK
715536,RIO DE JANEIRO,OK
715787,RIO DE JANEIRO,OK
715832,SÃO PAULO,OK
716647,RIO DE JANEIRO,OK
716651,SALVADOR,REJECTED - PAGES MISSING
717749,SÃO PAULO,OK
717943,RIO DE JANEIRO,OK
718495,RIO DE JANEIRO,OK
718618,RIO DE JANEIRO,OK
719094,SÃO PAULO,OK
719102,SÃO PAULO,OK
719508,RIO DE JANEIRO,OK
719556,SÃO PAULO,OK
719611,SALVADOR,OK
719669,RIO DE JANEIRO,OK
719919,RIO DE JANEIRO,OK
720109,RIO DE JANEIRO,OK
720147,SALVADOR,OK
720147,SALVADOR,OK
720160,SALVADOR,OK
720191,RIO DE JANEIRO,OK
720345,SALVADOR,OK
720482,RIO DE JANEIRO,OK
720558,RIO DE JANEIRO,OK
720621,SALVADOR,OK
720621,SALVADOR,OK
720938,RIO DE JANEIRO,OK
721297,RIO DE JANEIRO,OK
721324,SALVADOR,OK
721415,SALVADOR,OK
721551,RIO DE JANEIRO,OK
721799,RIO DE JANEIRO,OK
721944,SALVADOR,OK
722368,RIO DE JANEIRO,OK
722728,RIO DE JANEIRO,OK
723166,RIO DE JANEIRO,OK
723283,RIO DE JANEIRO,OK
723294,SALVADOR,OK
723544,SALVADOR,OK
723605,SALVADOR,OK
723786,SALVADOR,OK
723796,SÃO PAULO,OK
724057,RIO DE JANEIRO,OK
724153,SALVADOR,OK
724308,RIO DE JANEIRO,OK
724368,RIO DE JANEIRO,OK
724549,RIO DE JANEIRO,OK
724575,RIO DE JANEIRO,OK
724583,SALVADOR,OK
724944,RIO DE JANEIRO,OK
725163,SÃO PAULO,OK
725184,SÃO PAULO,OK
725217,RIO DE JANEIRO,OK
725247,SALVADOR,OK
725430,SALVADOR,OK
725585,SALVADOR,OK
725833,SALVADOR,OK
725868,SALVADOR,OK
725878,SALVADOR,OK
726173,SALVADOR,OK
726215,SALVADOR,OK
726223,SALVADOR,OK
726394,SALVADOR,OK
726637,SALVADOR,OK
726900,SALVADOR,OK
726956,SALVADOR,OK
727191,SALVADOR,OK
727262,SALVADOR,OK
727342,SALVADOR,REJECTED - PAGES MISSING
727530,RIO DE JANEIRO,OK
727865,RIO DE JANEIRO,OK
727883,RIO DE JANEIRO,OK
727891,RIO DE JANEIRO,OK
727978,RIO DE JANEIRO,OK
728019,RIO DE JANEIRO,OK
728450,RIO DE JANEIRO,OK
728462,SÃO PAULO,OK
728576,RIO DE JANEIRO,OK
728653,SÃO PAULO,OK
728957,RIO DE JANEIRO,OK
729700,RIO DE JANEIRO,OK
729744,SÃO PAULO,OK
729830,RIO DE JANEIRO,OK
730093,RIO DE JANEIRO,OK
730131,RIO DE JANEIRO,OK
730216,RIO DE JANEIRO,OK
730585,RIO DE JANEIRO,OK
730685,RIO DE JANEIRO,OK
731101,SALVADOR,OK
731409,RIO DE JANEIRO,OK
731418,SALVADOR,OK
731506,SALVADOR,OK
731879,SALVADOR,OK
732363,RIO DE JANEIRO,OK
732405,RIO DE JANEIRO,OK
732616,RIO DE JANEIRO,OK
732645,RIO DE JANEIRO,OK
732726,SÃO PAULO,OK
732728,RIO DE JANEIRO,OK
732744,RIO DE JANEIRO,OK
732765,RIO DE JANEIRO,OK
733103,RIO DE JANEIRO,OK
733107,RIO DE JANEIRO,OK
733466,SÃO PAULO,OK
733502,SALVADOR,OK
733528,RIO DE JANEIRO,OK
733590,SALVADOR,OK
733590,SÃO PAULO,OK
733699,SÃO PAULO,REJECTED - PAGES MISSING
733815,RIO DE JANEIRO,OK
734210,SÃO PAULO,OK
734245,RIO DE JANEIRO,OK
734529,RIO DE JANEIRO,OK
734551,RIO DE JANEIRO,OK
734841,RIO DE JANEIRO,OK
734897,RIO DE JANEIRO,OK
735057,RIO DE JANEIRO,OK
735378,RIO DE JANEIRO,OK
735394,RIO DE JANEIRO,OK
735421,RIO DE JANEIRO,OK
735647,RIO DE JANEIRO,OK
735723,SÃO PAULO,OK
735828,RIO DE JANEIRO,OK
735882,RIO DE JANEIRO,OK
735888,SÃO PAULO,OK
735950,SÃO PAULO,OK
736220,RIO DE JANEIRO,OK
736303,SÃO PAULO,OK
736377,RIO DE JANEIRO,OK
736532,RIO DE JANEIRO,OK
736576,RIO DE JANEIRO,OK
736582,SÃO PAULO,OK
736592,RIO DE JANEIRO,OK
736628,SALVADOR,OK
736795,RIO DE JANEIRO,OK
736882,RIO DE JANEIRO,OK
736945,RIO DE JANEIRO,OK
737221,RIO DE JANEIRO,OK
737227,SALVADOR,OK
737227,SÃO PAULO,OK
737256,RIO DE JANEIRO,OK
737300,RIO DE JANEIRO,OK
737321,SÃO PAULO,OK
737412,SÃO PAULO,OK
737451,RIO DE JANEIRO,OK
737480,RIO DE JANEIRO,OK
737498,RIO DE JANEIRO,OK
737600,SALVADOR,OK
737808,RIO DE JANEIRO,OK
737899,SALVADOR,OK
738229,SALVADOR,OK
738294,RIO DE JANEIRO,OK
738340,RIO DE JANEIRO,OK
738421,SALVADOR,REJECTED - PAGES MISSING
738542,RIO DE JANEIRO,OK
738657,RIO DE JANEIRO,OK
738739,RIO DE JANEIRO,OK
738768,RIO DE JANEIRO,OK
738789,SALVADOR,OK
739012,RIO DE JANEIRO,OK
739013,RIO DE JANEIRO,OK
739014,RIO DE JANEIRO,OK
739015,RIO DE JANEIRO,OK
739016,RIO DE JANEIRO,OK
739017,RIO DE JANEIRO,OK
739018,RIO DE JANEIRO,OK
739019,RIO DE JANEIRO,OK
739020,RIO DE JANEIRO,OK
739021,RIO DE JANEIRO,OK
739080,RIO DE JANEIRO,OK
739081,RIO DE JANEIRO,OK
739082,RIO DE JANEIRO,OK
739083,RIO DE JANEIRO,OK
739165,RIO DE JANEIRO,OK
739166,RIO DE JANEIRO,OK
739167,RIO DE JANEIRO,OK
739168,RIO DE JANEIRO,OK
739169,RIO DE JANEIRO,OK
739170,RIO DE JANEIRO,OK
739303,RIO DE JANEIRO,OK
739602,SÃO PAULO,OK
739828,RIO DE JANEIRO,OK
739952,RIO DE JANEIRO,OK
740157,RIO DE JANEIRO,OK
740438,SALVADOR,REJECTED - PAGES MISSING
740442,RIO DE JANEIRO,OK
740618,SALVADOR,OK
740885,RIO DE JANEIRO,OK
741153,SALVADOR,OK
741335,RIO DE JANEIRO,OK
741409,RIO DE JANEIRO,OK
741722,SALVADOR,OK
741797,SALVADOR,OK
741829,SALVADOR,OK
741864,RIO DE JANEIRO,OK
741889,RIO DE JANEIRO,OK
741903,SALVADOR,OK
742711,SALVADOR,REJECTED - PAGES MISSING
742767,SALVADOR,OK
742858,RIO DE JANEIRO,OK
743267,SALVADOR,OK
743407,RIO DE JANEIRO,OK
743454,SALVADOR,OK
744577,RIO DE JANEIRO,OK
744588,SÃO PAULO,OK
744952,SALVADOR,OK
745030,RIO DE JANEIRO,OK
745070,RIO DE JANEIRO,OK
745864,SALVADOR,OK
746368,RIO DE JANEIRO,OK
746422,RIO DE JANEIRO,OK
746453,SÃO PAULO,OK
746522,RIO DE JANEIRO,OK
746627,SALVADOR,OK
746765,SALVADOR,OK
746803,RIO DE JANEIRO,OK
746883,RIO DE JANEIRO,OK
747013,SALVADOR,OK
747013,SALVADOR,OK
747030,SÃO PAULO,OK
747075,SÃO PAULO,OK
747231,RIO DE JANEIRO,OK
747538,SALVADOR,OK
747538,SALVADOR,OK
747539,RIO DE JANEIRO,OK
747650,SALVADOR,OK
747780,SÃO PAULO,OK
748090,RIO DE JANEIRO,OK
748247,SÃO PAULO,OK
748270,RIO DE JANEIRO,OK
748389,RIO DE JANEIRO,OK
748712,RIO DE JANEIRO,OK
748766,RIO DE JANEIRO,OK
749072,SALVADOR,OK
749358,RIO DE JANEIRO,OK
749577,SALVADOR,OK
749577,SALVADOR,OK
749620,RIO DE JANEIRO,OK
749711,SALVADOR,OK
749711,SALVADOR,OK
749796,RIO DE JANEIRO,OK
749939,SALVADOR,OK
749964,SÃO PAULO,OK
750049,RIO DE JANEIRO,OK
750118,SÃO PAULO,OK
750124,SÃO PAULO,OK
750189,SÃO PAULO,OK
750306,RIO DE JANEIRO,OK
750317,RIO DE JANEIRO,OK
750330,SÃO PAULO,OK
750334,SALVADOR,OK
750334,SALVADOR,OK
750412,RIO DE JANEIRO,REJECTED - PAGES MISSING
750416,SÃO PAULO,OK
750417,RIO DE JANEIRO,OK
750502,RIO DE JANEIRO,OK
750659,SALVADOR,OK
750757,SÃO PAULO,OK
750904,RIO DE JANEIRO,OK
750921,SALVADOR,OK
750921,SALVADOR,OK
750943,RIO DE JANEIRO,OK
751094,RIO DE JANEIRO,OK
751157,RIO DE JANEIRO,OK
751324,RIO DE JANEIRO,OK
751426,SÃO PAULO,REJECTED - PAGES MISSING
751498,SALVADOR,OK
751602,SALVADOR,OK
751611,RIO DE JANEIRO,OK
751635,RIO DE JANEIRO,OK
751752,RIO DE JANEIRO,OK
751921,SÃO PAULO,OK
752551,SALVADOR,OK
752554,SALVADOR,OK
752554,SALVADOR,OK
752584,SALVADOR,OK
752642,SÃO PAULO,REJECTED - PAGES MISSING
752720,SALVADOR,OK
752930,SALVADOR,REJECTED - PAGES MISSING
753192,SALVADOR,OK
753192,SALVADOR,OK
753200,RIO DE JANEIRO,OK
753201,RIO DE JANEIRO,OK
753202,RIO DE JANEIRO,OK
753203,RIO DE JANEIRO,OK
753204,RIO DE JANEIRO,REJECTED - SIGNATURES MISSING
753205,RIO DE JANEIRO,OK
753206,RIO DE JANEIRO,OK
753207,RIO DE JANEIRO,OK
753210,SALVADOR,OK
753210,SALVADOR,OK
753211,SALVADOR,OK
753212,SALVADOR,OK
753215,SALVADOR,OK
753215,SALVADOR,OK
753216,SALVADOR,OK
753216,SALVADOR,OK
753219,SALVADOR,OK
753219,SALVADOR,OK
753220,SÃO PAULO,OK
753221,SALVADOR,OK
753221,SALVADOR,OK
753222,SALVADOR,OK
753222,SALVADOR,OK
753317,SALVADOR,OK
753379,RIO DE JANEIRO,OK
753410,RIO DE JANEIRO,OK
753552,SALVADOR,OK
753575,SÃO PAULO,OK
753743,SÃO PAULO,OK
753757,RIO DE JANEIRO,OK
753920,SALVADOR,OK
754092,RIO DE JANEIRO,REJECTED - PAGES MISSING
754246,SALVADOR,OK
754283,RIO DE JANEIRO,OK
754352,SÃO PAULO,OK
754439,RIO DE JANEIRO,OK
754506,RIO DE JANEIRO,OK
754606,RIO DE JANEIRO,OK
754677,RIO DE JANEIRO,OK
754902,SALVADOR,OK
754903,RIO DE JANEIRO,OK
755015,RIO DE JANEIRO,OK
755094,SALVADOR,OK
755204,RIO DE JANEIRO,OK
755330,SALVADOR,OK
755338,RIO DE JANEIRO,OK
755346,RIO DE JANEIRO,OK
755351,SALVADOR,OK
755675,SALVADOR,OK
755684,SALVADOR,OK
755684,SALVADOR,OK
755736,SALVADOR,OK
755736,SALVADOR,OK
755765,SÃO PAULO,OK
755771,SALVADOR,OK
755979,RIO DE JANEIRO,OK
756067,SALVADOR,OK
756266,SALVADOR,OK
756266,SALVADOR,OK
756272,SALVADOR,OK
756597,RIO DE JANEIRO,OK
756739,SALVADOR,OK
756739,SALVADOR,OK
756757,SALVADOR,OK
756835,SALVADOR,OK
756971,RIO DE JANEIRO,OK
756984,RIO DE JANEIRO,OK
757217,SALVADOR,OK
757217,SALVADOR,OK
757277,RIO DE JANEIRO,OK
757286,SÃO PAULO,OK
757310,SALVADOR,OK
757310,SALVADOR,OK
757369,SALVADOR,OK
757410,RIO DE JANEIRO,OK
757432,SÃO PAULO,OK
757887,SALVADOR,OK
757887,SALVADOR,OK
757954,RIO DE JANEIRO,OK
757978,SALVADOR,OK
758138,RIO DE JANEIRO,OK
758266,RIO DE JANEIRO,OK
758367,SÃO PAULO,OK
758712,SÃO PAULO,OK
758795,SALVADOR,OK
758813,SÃO PAULO,OK
758955,RIO DE JANEIRO,OK
759025,RIO DE JANEIRO,OK
759232,RIO DE JANEIRO,OK
759319,SALVADOR,OK
759319,SALVADOR,OK
759404,SALVADOR,OK
759550,SALVADOR,OK
759550,SALVADOR,OK
759742,RIO DE JANEIRO,OK
759807,RIO DE JANEIRO,OK
759890,SÃO PAULO,OK
759930,RIO DE JANEIRO,OK
759950,RIO DE JANEIRO,OK
760031,RIO DE JANEIRO,OK
760193,SALVADOR,OK
760193,SALVADOR,OK
760408,SALVADOR,OK
760560,SÃO PAULO,OK
760943,SÃO PAULO,OK
761289,RIO DE JANEIRO,OK
761329,RIO DE JANEIRO,OK
761352,SALVADOR,OK
761519,SÃO PAULO,OK
761974,RIO DE JANEIRO,OK
761977,SALVADOR,OK
761977,SALVADOR,OK
761991,SÃO PAULO,OK
762011,SALVADOR,OK
762067,RIO DE JANEIRO,OK
762148,SALVADOR,OK
762151,SÃO PAULO,OK
762283,SALVADOR,OK
762373,SALVADOR,OK
762546,RIO DE JANEIRO,OK
762603,SALVADOR,OK
762653,RIO DE JANEIRO,OK
762950,SÃO PAULO,REJECTED - PAGES MISSING
763009,RIO DE JANEIRO,OK
763320,SALVADOR,REJECTED - PAGES MISSING
763320,SALVADOR,REJECTED - PAGES MISSING
763346,RIO DE JANEIRO,OK
763395,SALVADOR,OK
763438,SALVADOR,OK
763438,SALVADOR,OK
763693,SÃO PAULO,OK
763707,RIO DE JANEIRO,OK
763719,SÃO PAULO,OK
763905,SALVADOR,OK
763929,SÃO PAULO,OK
763946,SALVADOR,OK
764153,SALVADOR,OK
764156,RIO DE JANEIRO,REJECTED - PAGES MISSING
764161,SÃO PAULO,OK
764196,SÃO PAULO,OK
764464,RIO DE JANEIRO,OK
764552,RIO DE JANEIRO,OK
764726,RIO DE JANEIRO,OK
764745,RIO DE JANEIRO,OK
764785,RIO DE JANEIRO,OK
764987,RIO DE JANEIRO,OK
765020,SALVADOR,OK
765020,SALVADOR,OK
765095,RIO DE JANEIRO,OK
765195,RIO DE JANEIRO,OK
765646,RIO DE JANEIRO,REJECTED - PAGES MISSING
765657,RIO DE JANEIRO,OK
765669,RIO DE JANEIRO,OK
765854,SALVADOR,REJECTED - PAGES MISSING
765967,RIO DE JANEIRO,OK
765986,RIO DE JANEIRO,OK
766211,SALVADOR,OK
766785,SALVADOR,OK
766982,RIO DE JANEIRO,OK
767038,SÃO PAULO,OK
767092,RIO DE JANEIRO,OK
767121,RIO DE JANEIRO,OK
767167,RIO DE JANEIRO,OK
767240,SALVADOR,OK
767332,RIO DE JANEIRO,OK
767373,SALVADOR,OK
767559,RIO DE JANEIRO,OK
767695,SÃO PAULO,OK
767834,SÃO PAULO,REJECTED - PAGES MISSING
767902,RIO DE JANEIRO,OK
768117,SÃO PAULO,OK
768366,SÃO PAULO,REJECTED - PAGES MISSING
768495,SALVADOR,OK
768569,RIO DE JANEIRO,OK
768628,SALVADOR,OK
768656,RIO DE JANEIRO,REJECTED - PAGES MISSING
768773,SÃO PAULO,OK
768930,RIO DE JANEIRO,OK
768960,SALVADOR,OK
769191,RIO DE JANEIRO,OK
769220,RIO DE JANEIRO,OK
769533,SALVADOR,OK
769568,SÃO PAULO,OK
769693,RIO DE JANEIRO,OK
769826,RIO DE JANEIRO,OK
769948,RIO DE JANEIRO,OK
770061,SÃO PAULO,OK
770442,RIO DE JANEIRO,OK
770516,RIO DE JANEIRO,OK
770583,RIO DE JANEIRO,OK
770594,RIO DE JANEIRO,OK
770831,SÃO PAULO,OK
770908,RIO DE JANEIRO,OK
770935,RIO DE JANEIRO,OK
770975,RIO DE JANEIRO,OK
771111,RIO DE JANEIRO,OK
771123,SALVADOR,OK
771150,RIO DE JANEIRO,OK
771763,SALVADOR,OK
771791,RIO DE JANEIRO,OK
771959,SALVADOR,OK
772063,RIO DE JANEIRO,OK
772348,SÃO PAULO,OK
772353,SALVADOR,OK
772517,SÃO PAULO,OK
772616,RIO DE JANEIRO,OK
772640,SÃO PAULO,OK
772808,SALVADOR,OK
773389,SÃO PAULO,OK
773865,RIO DE JANEIRO,OK
774454,SALVADOR,OK
774699,RIO DE JANEIRO,OK
774966,RIO DE JANEIRO,OK
775156,RIO DE JANEIRO,OK
775361,SALVADOR,OK
775366,SÃO PAULO,OK
775371,RIO DE JANEIRO,OK
775444,SÃO PAULO,OK
775480,RIO DE JANEIRO,OK
775493,SALVADOR,OK
775743,RIO DE JANEIRO,OK
775758,SÃO PAULO,OK
775789,RIO DE JANEIRO,OK
775813,SALVADOR,OK
775836,SALVADOR,OK
776064,SÃO PAULO,OK
776161,RIO DE JANEIRO,OK
776201,SÃO PAULO,OK
776209,RIO DE JANEIRO,OK
776212,RIO DE JANEIRO,OK
776307,SALVADOR,REJECTED - PAGES MISSING
776414,SALVADOR,OK
776697,SÃO PAULO,OK
776744,SÃO PAULO,OK
776747,SÃO PAULO,OK
776749,RIO DE JANEIRO,OK
777052,SÃO PAULO,OK
777177,SÃO PAULO,OK
777432,SALVADOR,OK
777441,SÃO PAULO,OK
777469,SÃO PAULO,OK
777504,SALVADOR,OK
777867,SALVADOR,OK
777970,SALVADOR,OK
777991,RIO DE JANEIRO,OK
777992,RIO DE JANEIRO,OK
778177,RIO DE JANEIRO,OK
778210,RIO DE JANEIRO,OK
778246,SALVADOR,OK
778267,RIO DE JANEIRO,OK
778448,SALVADOR,OK
778675,SALVADOR,OK
778769,SALVADOR,OK
778870,RIO DE JANEIRO,OK
778962,RIO DE JANEIRO,OK
779176,SÃO PAULO,OK
779303,SÃO PAULO,OK
779320,RIO DE JANEIRO,OK
779517,RIO DE JANEIRO,OK
779526,SALVADOR,OK
779555,SALVADOR,OK
779732,RIO DE JANEIRO,OK
779845,RIO DE JANEIRO,OK
780162,RIO DE JANEIRO,OK
780237,RIO DE JANEIRO,OK
780716,RIO DE JANEIRO,OK
781452,SÃO PAULO,OK
781515,SALVADOR,OK
781565,RIO DE JANEIRO,OK
781924,RIO DE JANEIRO,OK
781963,RIO DE JANEIRO,OK
782325,SALVADOR,OK
782482,SÃO PAULO,OK
782491,SALVADOR,OK
782511,RIO DE JANEIRO,OK
782657,SALVADOR,OK
782719,RIO DE JANEIRO,OK
782742,RIO DE JANEIRO,OK
782779,RIO DE JANEIRO,OK
782895,SALVADOR,OK
783082,RIO DE JANEIRO,OK
783107,RIO DE JANEIRO,OK
783108,RIO DE JANEIRO,OK
783178,RIO DE JANEIRO,OK
783344,RIO DE JANEIRO,OK
783386,RIO DE JANEIRO,OK
783644,SALVADOR,OK
783749,SÃO PAULO,OK
784190,SALVADOR,OK
784300,RIO DE JANEIRO,OK
784391,RIO DE JANEIRO,OK
784621,RIO DE JANEIRO,REJECTED - PAGES MISSING
784662,RIO DE JANEIRO,OK
784731,RIO DE JANEIRO,OK
784767,RIO DE JANEIRO,OK
784816,RIO DE JANEIRO,OK
784847,SÃO PAULO,OK
784907,RIO DE JANEIRO,REJECTED - PAGES MISSING
784947,RIO DE JANEIRO,OK
785245,SÃO PAULO,OK
785264,RIO DE JANEIRO,OK
785300,RIO DE JANEIRO,OK
785471,RIO DE JANEIRO,OK
785541,RIO DE JANEIRO,OK
785816,RIO DE JANEIRO,OK
785907,SÃO PAULO,OK
786000,SÃO PAULO,OK
786089,RIO DE JANEIRO,REJECTED - PAGES MISSING
786091,RIO DE JANEIRO,OK
786125,RIO DE JANEIRO,OK
786285,SALVADOR,OK
786326,RIO DE JANEIRO,OK
786384,SALVADOR,OK
786385,RIO DE JANEIRO,OK
786414,SÃO PAULO,OK
786500,RIO DE JANEIRO,OK
786510,SALVADOR,OK
786940,RIO DE JANEIRO,OK
786945,RIO DE JANEIRO,OK
787092,RIO DE JANEIRO,OK
787337,RIO DE JANEIRO,OK
787643,RIO DE JANEIRO,OK
787762,RIO DE JANEIRO,OK
787814,SÃO PAULO,OK
788133,SALVADOR,OK
788273,RIO DE JANEIRO,OK
788410,RIO DE JANEIRO,OK
788538,SALVADOR,OK
788580,SÃO PAULO,OK
788744,SALVADOR,OK
788919,SÃO PAULO,OK
788959,SÃO PAULO,OK
788986,SALVADOR,OK
789407,RIO DE JANEIRO,OK
789529,SALVADOR,OK
790110,SALVADOR,OK
790372,SÃO PAULO,OK
790484,SALVADOR,OK
790557,RIO DE JANEIRO,OK
790694,RIO DE JANEIRO,OK
790849,SÃO PAULO,OK
790854,RIO DE JANEIRO,OK
790962,RIO DE JANEIRO,OK
790998,RIO DE JANEIRO,OK
791100,RIO DE JANEIRO,OK
791232,SALVADOR,OK
791263,RIO DE JANEIRO,OK
791351,SÃO PAULO,OK
791554,SALVADOR,OK
791584,RIO DE JANEIRO,OK
791976,RIO DE JANEIRO,OK
792243,SALVADOR,OK
792340,RIO DE JANEIRO,OK
792405,RIO DE JANEIRO,OK
792450,RIO DE JANEIRO,OK
792546,SALVADOR,OK
792715,RIO DE JANEIRO,OK
793384,RIO DE JANEIRO,OK
793438,SÃO PAULO,OK
793521,SALVADOR,OK
793581,RIO DE JANEIRO,OK
793766,SÃO PAULO,OK
793810,SALVADOR,OK
793847,SALVADOR,OK
793922,RIO DE JANEIRO,OK
794196,RIO DE JANEIRO,OK
794242,RIO DE JANEIRO,OK
794252,SÃO PAULO,OK
794359,SÃO PAULO,OK
794531,SÃO PAULO,OK
794556,SALVADOR,OK
795386,SÃO PAULO,OK
795442,RIO DE JANEIRO,OK
795661,RIO DE JANEIRO,OK
795722,RIO DE JANEIRO,OK
796102,RIO DE JANEIRO,OK
796276,SÃO PAULO,OK
796287,RIO DE JANEIRO,OK
796379,SÃO PAULO,OK
796635,RIO DE JANEIRO,OK
796695,SÃO PAULO,OK
796797,RIO DE JANEIRO,OK
797054,SÃO PAULO,OK
797125,SÃO PAULO,OK
797145,RIO DE JANEIRO,OK
797150,SÃO PAULO,OK
797177,SALVADOR,OK
797275,SÃO PAULO,OK
797384,SÃO PAULO,OK
797424,RIO DE JANEIRO,OK
797683,SALVADOR,OK
797870,SÃO PAULO,OK
798041,SÃO PAULO,OK
798056,SÃO PAULO,OK
798269,SALVADOR,OK
798819,SÃO PAULO,OK
798877,RIO DE JANEIRO,OK
799200,SALVADOR,OK
799340,SALVADOR,OK
799358,RIO DE JANEIRO,OK
799466,RIO DE JANEIRO,OK
799500,RIO DE JANEIRO,OK
799619,SALVADOR,OK
799689,RIO DE JANEIRO,OK
799769,RIO DE JANEIRO,REJECTED - PAGES MISSING
799952,RIO DE JANEIRO,OK
800132,SALVADOR,OK
800170,RIO DE JANEIRO,OK
800417,SALVADOR,OK
800448,SÃO PAULO,OK
800561,RIO DE JANEIRO,OK
800683,SÃO PAULO,OK
800758,RIO DE JANEIRO,OK
800921,RIO DE JANEIRO,OK
800989,RIO DE JANEIRO,OK
800998,RIO DE JANEIRO,OK
801030,SALVADOR,OK
801361,RIO DE JANEIRO,OK
801426,SALVADOR,OK
801476,SÃO PAULO,OK
801603,RIO DE JANEIRO,OK
801840,SALVADOR,OK
802028,SÃO PAULO,OK
802129,SALVADOR,OK
802269,SÃO PAULO,OK
802407,RIO DE JANEIRO,OK
802490,SALVADOR,OK
802627,RIO DE JANEIRO,OK
802767,SÃO PAULO,OK
802809,SALVADOR,OK
802865,SÃO PAULO,OK
803102,RIO DE JANEIRO,OK
803355,RIO DE JANEIRO,OK
803534,RIO DE JANEIRO,OK
803569,RIO DE JANEIRO,OK
803594,SALVADOR,OK
803709,SÃO PAULO,OK
803904,RIO DE JANEIRO,OK
803908,SÃO PAULO,OK
804068,SÃO PAULO,OK
804157,RIO DE JANEIRO,OK
804376,SALVADOR,OK
804502,RIO DE JANEIRO,OK
804566,RIO DE JANEIRO,REJECTED - PAGES MISSING
804586,SÃO PAULO,OK
804618,RIO DE JANEIRO,OK
804808,RIO DE JANEIRO,OK
804863,RIO DE JANEIRO,OK
804910,SÃO PAULO,OK
804944,RIO DE JANEIRO,OK
805358,SÃO PAULO,OK
805387,RIO DE JANEIRO,OK
805424,RIO DE JANEIRO,OK
805485,RIO DE JANEIRO,OK
805570,SALVADOR,OK
805624,SÃO PAULO,OK
805658,RIO DE JANEIRO,OK
805746,SÃO PAULO,OK
806147,RIO DE JANEIRO,OK
806445,SALVADOR,OK
806576,SÃO PAULO,OK
806763,SÃO PAULO,REJECTED - SIGNATURES MISSING
806766,RIO DE JANEIRO,OK
807052,SALVADOR,OK
807179,SALVADOR,OK
807276,SÃO PAULO,OK
807277,RIO DE JANEIRO,OK
807278,SALVADOR,OK
807289,SALVADOR,OK
807378,RIO DE JANEIRO,OK
807481,RIO DE JANEIRO,OK
807816,SALVADOR,OK
807924,SÃO PAULO,OK
807937,RIO DE JANEIRO,OK
808010,SALVADOR,OK
808102,SALVADOR,OK
808277,RIO DE JANEIRO,OK
808600,SÃO PAULO,OK
808618,RIO DE JANEIRO,OK
808874,SALVADOR,OK
808877,RIO DE JANEIRO,OK
809107,RIO DE JANEIRO,OK
809290,SALVADOR,OK
809301,RIO DE JANEIRO,OK
809348,SALVADOR,OK
809356,RIO DE JANEIRO,OK
809910,RIO DE JANEIRO,REJECTED - PAGES MISSING
815450,SÃO PAULO,OK
822821,SÃO PAULO,OK
825899,SALVADOR,OK
828023,SÃO PAULO,REJECTED - PAGES MISSING
828611,SALVADOR,OK
829154,SÃO PAULO,REJECTED - PAGES MISSING
829588,SÃO PAULO,REJECTED - PAGES MISSING
829765,SÃO PAULO,OK
829807,SALVADOR,OK
829930,SALVADOR,OK
830224,SÃO PAULO,OK
830393,SÃO PAULO,OK
830400,SALVADOR,OK
830927,SÃO PAULO,OK
831050,SÃO PAULO,REJECTED - PAGES MISSING
831208,SÃO PAULO,OK
831590,SÃO PAULO,OK
832423,SÃO PAULO,OK
832808,SÃO PAULO,OK
833099,SALVADOR,REJECTED - SIGNATURES MISSING
833450,SALVADOR,OK
834003,SÃO PAULO,OK
834383,SALVADOR,OK
834702,SÃO PAULO,OK
834822,SALVADOR,OK
835189,SALVADOR,OK
835541,SALVADOR,OK
836060,SÃO PAULO,REJECTED - PAGES MISSING
836836,SALVADOR,OK
836837,SÃO PAULO,OK
836984,SALVADOR,OK
837402,SÃO PAULO,OK
837623,SÃO PAULO,REJECTED - SIGNATURES MISSING
837854,SALVADOR,OK
838464,SALVADOR,OK
838518,RIO DE JANEIRO,OK
838720,SALVADOR,OK
838750,SALVADOR,OK
839127,RIO DE JANEIRO,OK
839284,RIO DE JANEIRO,OK
839719,RIO DE JANEIRO,OK
839760,RIO DE JANEIRO,OK
839866,SALVADOR,OK
840002,SALVADOR,OK
840079,SALVADOR,OK
840199,SALVADOR,OK
840353,SALVADOR,OK
840480,SALVADOR,OK
840621,SALVADOR,OK
840628,SALVADOR,OK
840785,RIO DE JANEIRO,OK
841011,RIO DE JANEIRO,REJECTED - PAGES MISSING
841065,RIO DE JANEIRO,OK
841184,SALVADOR,OK
841348,RIO DE JANEIRO,OK
841447,SALVADOR,OK
841525,RIO DE JANEIRO,REJECTED - PAGES MISSING
841528,SALVADOR,OK
841744,RIO DE JANEIRO,OK
841748,RIO DE JANEIRO,OK
841774,SALVADOR,OK
841917,RIO DE JANEIRO,OK
841949,SALVADOR,OK
841979,RIO DE JANEIRO,OK
842076,RIO DE JANEIRO,OK
842111,SALVADOR,OK
842135,SALVADOR,OK
842177,SALVADOR,OK
842182,SALVADOR,OK
842229,RIO DE JANEIRO,OK
842254,SALVADOR,OK
842324,SALVADOR,OK
842345,SALVADOR,OK
842448,RIO DE JANEIRO,OK
842465,RIO DE JANEIRO,OK
842492,RIO DE JANEIRO,OK
842519,SALVADOR,OK
842666,RIO DE JANEIRO,OK
842826,SALVADOR,OK
842855,RIO DE JANEIRO,OK
842945,RIO DE JANEIRO,OK
843046,SALVADOR,OK
843133,RIO DE JANEIRO,OK
843167,RIO DE JANEIRO,OK
843186,SALVADOR,OK
843200,RIO DE JANEIRO,OK
843371,SALVADOR,OK
843374,RIO DE JANEIRO,OK
843384,RIO DE JANEIRO,OK
843417,SALVADOR,OK
843427,RIO DE JANEIRO,OK
843835,SALVADOR,OK
843992,SALVADOR,OK
844015,SALVADOR,OK
844016,SALVADOR,OK
844018,RIO DE JANEIRO,OK
844066,RIO DE JANEIRO,OK
844067,RIO DE JANEIRO,REJECTED - SIGNATURES MISSING
844280,SALVADOR,OK
844385,SALVADOR,REJECTED - SIGNATURES MISSING
844476,RIO DE JANEIRO,OK
844526,SALVADOR,REJECTED - PAGES MISSING
844574,RIO DE JANEIRO,OK
844606,SALVADOR,OK
844667,SALVADOR,OK
844668,SALVADOR,OK
844670,SALVADOR,OK
844694,SALVADOR,OK
844737,SALVADOR,OK
844738,SALVADOR,OK
844774,SALVADOR,OK
844816,SALVADOR,OK
844912,RIO DE JANEIRO,OK
844972,SALVADOR,OK
845085,SALVADOR,REJECTED - SIGNATURES MISSING
845109,RIO DE JANEIRO,OK
845227,SALVADOR,OK
845279,SALVADOR,OK
845296,SALVADOR,OK
845377,SALVADOR,OK
845454,SALVADOR,OK
845495,RIO DE JANEIRO,OK
845528,SALVADOR,OK
845630,SALVADOR,OK
845652,SALVADOR,OK
845688,RIO DE JANEIRO,OK
845691,SALVADOR,OK
845712,RIO DE JANEIRO,OK
845713,SALVADOR,OK
845861,SALVADOR,OK
845871,RIO DE JANEIRO,REJECTED - SIGNATURES MISSING
845886,SALVADOR,OK
845910,RIO DE JANEIRO,OK
846100,SALVADOR,OK
846128,SALVADOR,OK
846233,SALVADOR,OK
846293,RIO DE JANEIRO,OK
846304,RIO DE JANEIRO,OK
846346,SALVADOR,OK
846416,RIO DE JANEIRO,OK
846436,RIO DE JANEIRO,OK
846448,SALVADOR,OK
846461,RIO DE JANEIRO,OK
846486,RIO DE JANEIRO,OK
846502,SALVADOR,OK
846514,SALVADOR,OK
846580,SALVADOR,OK
846611,SALVADOR,OK
846628,SALVADOR,OK
846643,RIO DE JANEIRO,OK
846733,RIO DE JANEIRO,OK
846925,SALVADOR,OK
846932,SALVADOR,OK
846938,RIO DE JANEIRO,OK
846983,RIO DE JANEIRO,OK
846984,SALVADOR,OK
846996,SALVADOR,OK
847018,RIO DE JANEIRO,REJECTED - SIGNATURES MISSING
847031,SALVADOR,OK
847112,SALVADOR,OK
847118,SALVADOR,REJECTED - PAGES MISSING
847169,SALVADOR,OK
847241,RIO DE JANEIRO,OK
847423,SALVADOR,OK
847433,SALVADOR,OK
847441,SALVADOR,OK
847446,RIO DE JANEIRO,REJECTED - PAGES MISSING
847500,RIO DE JANEIRO,OK
847557,RIO DE JANEIRO,OK
847572,SALVADOR,OK
847597,SALVADOR,OK
847601,RIO DE JANEIRO,REJECTED - PAGES MISSING
847617,RIO DE JANEIRO,OK
847656,RIO DE JANEIRO,OK
847660,SALVADOR,OK
847771,SALVADOR,REJECTED - SIGNATURES MISSING
847778,SALVADOR,OK
847851,RIO DE JANEIRO,OK
847860,SALVADOR,OK
847916,RIO DE JANEIRO,OK
847945,SALVADOR,OK
848011,RIO DE JANEIRO,OK
848012,RIO DE JANEIRO,REJECTED - SIGNATURES MISSING
848013,SALVADOR,OK
848098,SALVADOR,REJECTED - PAGES MISSING
848233,RIO DE JANEIRO,OK
848276,RIO DE JANEIRO,OK
848310,SALVADOR,OK
848362,SALVADOR,OK
848384,SALVADOR,OK
848402,RIO DE JANEIRO,OK
848456,SALVADOR,OK
848469,RIO DE JANEIRO,OK
848483,SALVADOR,OK
848557,RIO DE JANEIRO,OK
848564,RIO DE JANEIRO,OK
848605,SALVADOR,REJECTED - PAGES MISSING
848611,SALVADOR,OK
848656,SALVADOR,OK
848737,SALVADOR,OK
848749,RIO DE JANEIRO,OK
848915,RIO DE JANEIRO,OK
848949,RIO DE JANEIRO,OK
848982,SALVADOR,OK
849054,RIO DE JANEIRO,OK
849108,SALVADOR,OK
849150,RIO DE JANEIRO,OK
849198,SALVADOR,OK
849480,SALVADOR,OK
849526,RIO DE JANEIRO,OK
849584,SALVADOR,OK
849590,RIO DE JANEIRO,REJECTED - PAGES MISSING
849607,SALVADOR,OK
849637,SALVADOR,OK
849657,SALVADOR,OK
849690,RIO DE JANEIRO,REJECTED - PAGES MISSING
849744,SALVADOR,OK
849787,SALVADOR,OK
849890,SALVADOR,OK
849934,SALVADOR,OK
849969,SALVADOR,OK
850237,SALVADOR,OK
850273,SALVADOR,OK
850305,SALVADOR,OK
850311,RIO DE JANEIRO,REJECTED - PAGES MISSING
850339,RIO DE JANEIRO,OK
850378,RIO DE JANEIRO,OK
850395,RIO DE JANEIRO,OK
850464,SALVADOR,OK
850488,SALVADOR,OK
850571,RIO DE JANEIRO,REJECTED - PAGES MISSING
850586,RIO DE JANEIRO,OK
850726,RIO DE JANEIRO,OK
850737,RIO DE JANEIRO,OK
850828,SALVADOR,OK
850836,SALVADOR,OK
850896,RIO DE JANEIRO,OK
850964,SALVADOR,OK
850985,SALVADOR,OK
851003,SALVADOR,OK
851056,SALVADOR,OK
851079,SALVADOR,OK
851165,SALVADOR,OK
851169,SALVADOR,OK
851184,SALVADOR,REJECTED - PAGES MISSING
851194,RIO DE JANEIRO,OK
851243,RIO DE JANEIRO,OK
851274,RIO DE JANEIRO,OK
851286,SALVADOR,OK
851310,RIO DE JANEIRO,OK
851320,SALVADOR,OK
851349,RIO DE JANEIRO,OK
851372,RIO DE JANEIRO,OK
851381,SALVADOR,OK
851383,SALVADOR,OK
851407,SALVADOR,OK
851410,RIO DE JANEIRO,OK
851447,SALVADOR,OK
851459,RIO DE JANEIRO,OK
851534,SALVADOR,OK
851639,SALVADOR,OK
851843,SALVADOR,REJECTED - PAGES MISSING
851867,RIO DE JANEIRO,OK
851930,RIO DE JANEIRO,OK
851989,RIO DE JANEIRO,OK
852072,SALVADOR,OK
852085,RIO DE JANEIRO,OK
852108,SALVADOR,OK
852118,SALVADOR,OK
852223,SALVADOR,OK
852324,SALVADOR,OK
852339,SALVADOR,REJECTED - PAGES MISSING
852491,SALVADOR,OK
852603,SALVADOR,OK
852706,SALVADOR,OK
852804,RIO DE JANEIRO,OK
852852,SALVADOR,OK
852888,RIO DE JANEIRO,OK
852893,SALVADOR,OK
852918,SALVADOR,OK
852931,SALVADOR,OK
852957,RIO DE JANEIRO,OK
852973,RIO DE JANEIRO,OK
852976,SALVADOR,OK
853022,RIO DE JANEIRO,OK
853169,RIO DE JANEIRO,REJECTED - PAGES MISSING
853176,SALVADOR,OK
853223,RIO DE JANEIRO,OK
853375,SALVADOR,OK
853410,SÃO PAULO,OK
853462,SÃO PAULO,OK
853531,RIO DE JANEIRO,OK
853591,SÃO PAULO,OK
853672,RIO DE JANEIRO,OK
853695,SÃO PAULO,OK
853716,RIO DE JANEIRO,OK
853718,RIO DE JANEIRO,REJECTED - PAGES MISSING
853822,SÃO PAULO,REJECTED - SIGNATURES MISSING
853883,SÃO PAULO,OK
853919,SÃO PAULO,OK
853947,RIO DE JANEIRO,OK
854006,SÃO PAULO,OK
854013,SÃO PAULO,OK
854089,RIO DE JANEIRO,OK
854109,RIO DE JANEIRO,REJECTED - SIGNATURES MISSING
854113,SÃO PAULO,OK
854125,RIO DE JANEIRO,OK
854135,SÃO PAULO,OK
854271,RIO DE JANEIRO,OK
854366,RIO DE JANEIRO,OK
854420,SÃO PAULO,OK
854431,SÃO PAULO,OK
854485,SÃO PAULO,OK
854529,SÃO PAULO,OK
854563,SÃO PAULO,OK
854613,SÃO PAULO,OK
854658,SÃO PAULO,OK
854677,SÃO PAULO,OK
854847,SALVADOR,OK
855030,RIO DE JANEIRO,OK
855075,RIO DE JANEIRO,OK
855199,SALVADOR,OK
855216,SALVADOR,OK
855221,RIO DE JANEIRO,OK
855292,RIO DE JANEIRO,OK
855330,RIO DE JANEIRO,REJECTED - PAGES MISSING
855338,SALVADOR,OK
855400,SALVADOR,OK
855596,SALVADOR,REJECTED - PAGES MISSING
855608,RIO DE JANEIRO,OK
855709,SALVADOR,OK
855750,SALVADOR,OK
855772,SALVADOR,OK
856037,SALVADOR,OK
856045,SALVADOR,OK
856105,SALVADOR,OK
856204,SALVADOR,OK
856207,SALVADOR,OK
856209,SALVADOR,OK
856306,SALVADOR,OK
856351,RIO DE JANEIRO,OK
856358,RIO DE JANEIRO,OK
856374,RIO DE JANEIRO,REJECTED - PAGES MISSING
856415,SALVADOR,OK
856461,RIO DE JANEIRO,OK
856597,SALVADOR,OK
856644,RIO DE JANEIRO,OK
856664,RIO DE JANEIRO,OK
856716,RIO DE JANEIRO,OK
856759,RIO DE JANEIRO,OK
856844,SALVADOR,OK
856855,RIO DE JANEIRO,OK
856869,SALVADOR,REJECTED - SIGNATURES MISSING
856873,RIO DE JANEIRO,OK
856948,SALVADOR,OK
856957,SALVADOR,OK
856985,SALVADOR,OK
856986,RIO DE JANEIRO,OK
856987,RIO DE JANEIRO,OK
856999,RIO DE JANEIRO,OK
857009,RIO DE JANEIRO,OK
857045,SALVADOR,OK
857052,SALVADOR,OK
857348,SALVADOR,OK
857409,RIO DE JANEIRO,OK
857684,SALVADOR,OK
857720,RIO DE JANEIRO,OK
857741,RIO DE JANEIRO,OK
857796,RIO DE JANEIRO,OK
857841,SALVADOR,OK
857893,SALVADOR,OK
857942,RIO DE JANEIRO,OK
857976,RIO DE JANEIRO,OK
858005,RIO DE JANEIRO,OK
858048,SALVADOR,OK
858128,SALVADOR,OK
858158,SALVADOR,OK
858207,SALVADOR,OK
858275,SALVADOR,OK
858286,RIO DE JANEIRO,OK
858294,SALVADOR,OK
858404,RIO DE JANEIRO,OK
858453,SALVADOR,OK
858582,RIO DE JANEIRO,OK
858621,SALVADOR,OK
858629,SALVADOR,OK
858662,RIO DE JANEIRO,OK
858693,SALVADOR,OK
858698,RIO DE JANEIRO,OK
858759,SALVADOR,OK
858774,SALVADOR,OK
858780,RIO DE JANEIRO,OK
858782,SALVADOR,OK
858907,SALVADOR,OK
859033,SALVADOR,OK
859049,SALVADOR,OK
859107,RIO DE JANEIRO,OK
859148,RIO DE JANEIRO,OK
859206,SALVADOR,OK
859280,SALVADOR,REJECTED - SIGNATURES MISSING
859353,RIO DE JANEIRO,OK
859360,RIO DE JANEIRO,OK
859381,RIO DE JANEIRO,OK
859432,RIO DE JANEIRO,OK
859449,SALVADOR,OK
859632,SALVADOR,OK
859733,RIO DE JANEIRO,OK
860494,RIO DE JANEIRO,OK
860503,SALVADOR,OK
860512,SALVADOR,OK
860518,RIO DE JANEIRO,OK
860675,SALVADOR,OK
860973,RIO DE JANEIRO,OK
861079,RIO DE JANEIRO,OK
861127,SÃO PAULO,OK
861158,RIO DE JANEIRO,OK
861418,RIO DE JANEIRO,OK
861525,RIO DE JANEIRO,OK
861772,RIO DE JANEIRO,OK
861821,RIO DE JANEIRO,OK
861851,SALVADOR,OK
861856,RIO DE JANEIRO,OK
862090,RIO DE JANEIRO,OK
862373,SALVADOR,OK
862397,SÃO PAULO,OK
862493,SALVADOR,OK
862620,SÃO PAULO,OK
862809,RIO DE JANEIRO,OK
862842,SÃO PAULO,OK
862855,RIO DE JANEIRO,OK
862897,SALVADOR,OK
862929,RIO DE JANEIRO,OK
862964,RIO DE JANEIRO,OK
863011,SÃO PAULO,OK
863042,RIO DE JANEIRO,OK
863045,RIO DE JANEIRO,OK
863244,RIO DE JANEIRO,OK
863429,RIO DE JANEIRO,OK
863431,RIO DE JANEIRO,OK
863441,RIO DE JANEIRO,OK
863828,RIO DE JANEIRO,OK
863882,SALVADOR,OK
863951,SALVADOR,OK
863971,SALVADOR,OK
863994,RIO DE JANEIRO,OK
864021,SÃO PAULO,OK
864104,SALVADOR,OK
864405,SALVADOR,OK
864433,SALVADOR,OK
864773,SALVADOR,OK
865098,SALVADOR,REJECTED - PAGES MISSING
865131,SÃO PAULO,OK
865209,SÃO PAULO,OK
865521,RIO DE JANEIRO,OK
865535,RIO DE JANEIRO,OK
865659,RIO DE JANEIRO,OK
865810,RIO DE JANEIRO,REJECTED - PAGES MISSING
866048,SÃO PAULO,OK
866236,RIO DE JANEIRO,OK
866320,RIO DE JANEIRO,OK
866398,RIO DE JANEIRO,OK
866399,RIO DE JANEIRO,OK
866405,RIO DE JANEIRO,OK
866581,RIO DE JANEIRO,OK
866584,SALVADOR,OK
866642,RIO DE JANEIRO,OK
866755,RIO DE JANEIRO,OK
866828,RIO DE JANEIRO,OK
866976,SÃO PAULO,OK
866996,RIO DE JANEIRO,OK
867175,RIO DE JANEIRO,OK
867337,SALVADOR,OK
867397,RIO DE JANEIRO,OK
867556,RIO DE JANEIRO,OK
867559,RIO DE JANEIRO,OK
867677,SÃO PAULO,OK
867710,RIO DE JANEIRO,OK
867733,SÃO PAULO,OK
867826,SALVADOR,OK
867828,SALVADOR,REJECTED - PAGES MISSING
867867,SÃO PAULO,OK
867875,RIO DE JANEIRO,OK
868042,RIO DE JANEIRO,OK
868112,RIO DE JANEIRO,OK
868125,RIO DE JANEIRO,OK
868404,SÃO PAULO,OK
868632,RIO DE JANEIRO,OK
868657,RIO DE JANEIRO,OK
868769,SÃO PAULO,OK
868807,SALVADOR,OK
869171,RIO DE JANEIRO,OK
869206,SÃO PAULO,OK
869228,RIO DE JANEIRO,OK
869408,RIO DE JANEIRO,OK
869591,RIO DE JANEIRO,OK
869723,SALVADOR,OK
869841,SÃO PAULO,OK
869896,SALVADOR,OK
870007,RIO DE JANEIRO,OK
870058,RIO DE JANEIRO,OK
870068,RIO DE JANEIRO,OK
870084,RIO DE JANEIRO,OK
870100,SALVADOR,OK
870104,SÃO PAULO,OK
870298,SALVADOR,OK
870304,RIO DE JANEIRO,OK
870544,RIO DE JANEIRO,OK
870637,RIO DE JANEIRO,OK
870815,SALVADOR,OK
870854,RIO DE JANEIRO,OK
870938,SALVADOR,OK
871006,RIO DE JANEIRO,REJECTED - PAGES MISSING
871124,SALVADOR,OK
871441,RIO DE JANEIRO,OK
871856,SALVADOR,OK
871858,RIO DE JANEIRO,OK
871888,SALVADOR,OK
872111,SÃO PAULO,OK
872112,SÃO PAULO,OK
872187,SALVADOR,OK
872187,SALVADOR,OK
872265,RIO DE JANEIRO,OK
872349,SALVADOR,OK
872461,RIO DE JANEIRO,OK
872495,RIO DE JANEIRO,OK
872587,RIO DE JANEIRO,OK
872709,SALVADOR,OK
872803,RIO DE JANEIRO,OK
872806,RIO DE JANEIRO,OK
872812,RIO DE JANEIRO,OK
872816,SALVADOR,OK
872885,RIO DE JANEIRO,OK
873000,RIO DE JANEIRO,OK
873036,SÃO PAULO,OK
873041,SALVADOR,OK
873134,SALVADOR,OK
873382,SALVADOR,OK
873550,SALVADOR,OK
873555,RIO DE JANEIRO,OK
874510,RIO DE JANEIRO,OK
874644,RIO DE JANEIRO,OK
874656,RIO DE JANEIRO,OK
874687,RIO DE JANEIRO,OK
874717,SÃO PAULO,OK
874745,RIO DE JANEIRO,OK
874950,RIO DE JANEIRO,OK
874974,SALVADOR,OK
875215,RIO DE JANEIRO,OK
875224,RIO DE JANEIRO,OK
875256,SÃO PAULO,REJECTED - PAGES MISSING
875260,RIO DE JANEIRO,OK
875338,RIO DE JANEIRO,OK
875345,SALVADOR,OK
875532,SALVADOR,REJECTED - PAGES MISSING
875532,RIO DE JANEIRO,REJECTED - PAGES MISSING
875757,SALVADOR,OK
875835,RIO DE JANEIRO,OK
875960,SALVADOR,OK
876146,RIO DE JANEIRO,OK
876247,RIO DE JANEIRO,OK
876310,RIO DE JANEIRO,REJECTED - PAGES MISSING
876323,SÃO PAULO,OK
876390,SALVADOR,OK
876424,RIO DE JANEIRO,REJECTED - PAGES MISSING
876454,RIO DE JANEIRO,OK
876532,SÃO PAULO,OK
876682,SÃO PAULO,OK
876696,RIO DE JANEIRO,OK
876864,SALVADOR,OK
876933,SALVADOR,OK
876933,RIO DE JANEIRO,OK
876941,SÃO PAULO,OK
877067,RIO DE JANEIRO,OK
877314,SALVADOR,OK
877314,RIO DE JANEIRO,OK
877407,SALVADOR,OK
877434,RIO DE JANEIRO,OK
877540,RIO DE JANEIRO,OK
877569,SÃO PAULO,OK
877603,SALVADOR,OK
877611,SALVADOR,OK
877642,SÃO PAULO,OK
877740,RIO DE JANEIRO,OK
877854,RIO DE JANEIRO,OK
877857,RIO DE JANEIRO,OK
877868,RIO DE JANEIRO,OK
877870,SALVADOR,OK
877875,SÃO PAULO,OK
877947,SALVADOR,OK
877977,RIO DE JANEIRO,OK
877983,SALVADOR,OK
877983,RIO DE JANEIRO,OK
878467,RIO DE JANEIRO,OK
878486,SALVADOR,REJECTED - PAGES MISSING
878964,SÃO PAULO,OK
879020,SALVADOR,OK
879170,SÃO PAULO,OK
879445,SÃO PAULO,OK
879672,SÃO PAULO,OK
879812,SALVADOR,OK
879929,RIO DE JANEIRO,OK
879931,RIO DE JANEIRO,OK
879959,SALVADOR,REJECTED - SIGNATURES MISSING
880014,RIO DE JANEIRO,OK
880064,SALVADOR,OK
880225,RIO DE JANEIRO,OK
880238,RIO DE JANEIRO,OK
880321,SÃO PAULO,OK
880621,RIO DE JANEIRO,OK
880623,RIO DE JANEIRO,OK
880670,SÃO PAULO,OK
880715,SALVADOR,OK
880746,SALVADOR,OK
881511,RIO DE JANEIRO,OK
881514,SÃO PAULO,OK
881550,RIO DE JANEIRO,OK
881801,RIO DE JANEIRO,OK
881922,RIO DE JANEIRO,OK
881977,RIO DE JANEIRO,REJECTED - PAGES MISSING
882165,RIO DE JANEIRO,OK
882182,RIO DE JANEIRO,OK
882205,SALVADOR,OK
882237,SALVADOR,OK
882241,SALVADOR,OK
882295,RIO DE JANEIRO,OK
882322,RIO DE JANEIRO,OK
882337,RIO DE JANEIRO,OK
882425,RIO DE JANEIRO,OK
882490,SÃO PAULO,OK
882496,RIO DE JANEIRO,OK
882501,RIO DE JANEIRO,OK
882584,RIO DE JANEIRO,OK
882618,RIO DE JANEIRO,OK
882664,SALVADOR,OK
882734,RIO DE JANEIRO,OK
883256,SALVADOR,OK
883851,SALVADOR,OK
883972,SÃO PAULO,OK
883976,RIO DE JANEIRO,OK
884207,RIO DE JANEIRO,OK
884333,SALVADOR,REJECTED - PAGES MISSING
884382,RIO DE JANEIRO,OK
884398,RIO DE JANEIRO,OK
884627,RIO DE JANEIRO,OK
884952,RIO DE JANEIRO,OK
885005,RIO DE JANEIRO,REJECTED - PAGES MISSING
885111,RIO DE JANEIRO,OK
885217,RIO DE JANEIRO,OK
885289,RIO DE JANEIRO,OK
885296,RIO DE JANEIRO,OK
885382,SALVADOR,OK
885424,RIO DE JANEIRO,OK
885806,RIO DE JANEIRO,OK
886178,RIO DE JANEIRO,OK
886217,RIO DE JANEIRO,OK
886280,RIO DE JANEIRO,OK
886281,SÃO PAULO,OK
886334,SALVADOR,OK
886411,RIO DE JANEIRO,REJECTED - PAGES MISSING
886700,SALVADOR,OK
886797,SALVADOR,OK
886857,SÃO PAULO,OK
886886,SÃO PAULO,OK
887049,SALVADOR,OK
887065,SALVADOR,OK
887181,RIO DE JANEIRO,OK
887223,RIO DE JANEIRO,OK
887293,SÃO PAULO,OK
887360,SALVADOR,OK
887464,RIO DE JANEIRO,OK
887505,SALVADOR,OK
887629,RIO DE JANEIRO,OK
887646,RIO DE JANEIRO,OK
887770,RIO DE JANEIRO,OK
887859,RIO DE JANEIRO,OK
888038,SÃO PAULO,REJECTED - PAGES MISSING
888077,RIO DE JANEIRO,OK
888133,RIO DE JANEIRO,OK
888178,SALVADOR,OK
888178,RIO DE JANEIRO,OK
888215,SÃO PAULO,OK
888465,RIO DE JANEIRO,OK
888653,RIO DE JANEIRO,OK
888980,SALVADOR,REJECTED - PAGES MISSING
888980,RIO DE JANEIRO,REJECTED - PAGES MISSING
889102,SALVADOR,OK
889108,RIO DE JANEIRO,OK
889132,RIO DE JANEIRO,OK
889133,RIO DE JANEIRO,OK
889135,SALVADOR,OK
889177,SÃO PAULO,OK
889233,SALVADOR,OK
889260,RIO DE JANEIRO,OK
889272,RIO DE JANEIRO,OK
889302,SÃO PAULO,OK
889595,SÃO PAULO,OK
889675,RIO DE JANEIRO,OK
889723,SALVADOR,OK
889763,RIO DE JANEIRO,OK
889960,RIO DE JANEIRO,OK
890009,SALVADOR,OK
890019,SALVADOR,OK
890109,SÃO PAULO,OK
890204,RIO DE JANEIRO,OK
890502,RIO DE JANEIRO,OK
890547,RIO DE JANEIRO,OK
890569,RIO DE JANEIRO,OK
890577,SÃO PAULO,OK
890654,RIO DE JANEIRO,REJECTED - PAGES MISSING
890808,RIO DE JANEIRO,OK
890921,SÃO PAULO,OK
891040,SÃO PAULO,OK
891112,SALVADOR,REJECTED - PAGES MISSING
891150,SÃO PAULO,REJECTED - PAGES MISSING
891337,SÃO PAULO,OK
891381,SALVADOR,OK
891590,RIO DE JANEIRO,OK
891604,RIO DE JANEIRO,OK
891615,RIO DE JANEIRO,OK
891823,SALVADOR,OK
891848,SÃO PAULO,OK
892005,RIO DE JANEIRO,OK
892136,RIO DE JANEIRO,OK
892223,SALVADOR,OK
892738,RIO DE JANEIRO,OK
893056,SÃO PAULO,OK
893084,RIO DE JANEIRO,OK
893100,RIO DE JANEIRO,OK
893336,RIO DE JANEIRO,OK
893512,RIO DE JANEIRO,OK
893579,SALVADOR,OK
893579,RIO DE JANEIRO,OK
893957,RIO DE JANEIRO,OK
894353,SÃO PAULO,OK
894384,SÃO PAULO,OK
894410,SALVADOR,OK
894503,RIO DE JANEIRO,OK
894590,SÃO PAULO,OK
894714,SALVADOR,REJECTED - SIGNATURES MISSING
894803,SÃO PAULO,OK
894937,RIO DE JANEIRO,OK
895301,RIO DE JANEIRO,OK
895634,RIO DE JANEIRO,OK
895667,RIO DE JANEIRO,OK
895688,RIO DE JANEIRO,OK
895892,SÃO PAULO,OK
896131,RIO DE JANEIRO,OK
896174,SÃO PAULO,OK
896343,SALVADOR,OK
896343,RIO DE JANEIRO,OK
896425,SÃO PAULO,OK
896547,SALVADOR,OK
896576,SÃO PAULO,OK
896672,RIO DE JANEIRO,OK
896876,RIO DE JANEIRO,OK
897166,SALVADOR,OK
897206,SÃO PAULO,OK
897236,SALVADOR,OK
897379,RIO DE JANEIRO,OK
897408,SALVADOR,OK
897426,RIO DE JANEIRO,OK
897589,SALVADOR,OK
897589,RIO DE JANEIRO,OK
897622,SALVADOR,OK
897622,RIO DE JANEIRO,OK
897627,RIO DE JANEIRO,OK
897635,RIO DE JANEIRO,OK
897656,RIO DE JANEIRO,OK
897744,RIO DE JANEIRO,OK
897765,SALVADOR,OK
897853,RIO DE JANEIRO,OK
897911,SALVADOR,OK
897912,SALVADOR,OK
897912,RIO DE JANEIRO,OK
898222,SÃO PAULO,OK
898475,RIO DE JANEIRO,OK
898486,RIO DE JANEIRO,OK
898639,SALVADOR,OK
898926,SÃO PAULO,OK
899272,RIO DE JANEIRO,OK
899284,RIO DE JANEIRO,OK
899574,SALVADOR,OK
899672,RIO DE JANEIRO,OK
899864,RIO DE JANEIRO,OK
899892,RIO DE JANEIRO,OK
899933,SALVADOR,OK
900093,RIO DE JANEIRO,OK
900108,RIO DE JANEIRO,OK
900237,RIO DE JANEIRO,OK
900249,RIO DE JANEIRO,OK
900455,RIO DE JANEIRO,OK
900502,RIO DE JANEIRO,OK
900522,RIO DE JANEIRO,OK
900622,SALVADOR,OK
900655,SALVADOR,OK
900655,RIO DE JANEIRO,OK
900709,SALVADOR,OK
900733,RIO DE JANEIRO,OK
900803,SALVADOR,OK
900805,SÃO PAULO,OK
900810,SÃO PAULO,OK
900865,SALVADOR,OK
900933,RIO DE JANEIRO,OK
901052,SALVADOR,OK
901321,SÃO PAULO,OK
901389,RIO DE JANEIRO,OK
901523,RIO DE JANEIRO,OK
901711,RIO DE JANEIRO,OK
901801,SÃO PAULO,OK
902048,RIO DE JANEIRO,REJECTED - PAGES MISSING
902111,RIO DE JANEIRO,REJECTED - PAGES MISSING
902143,RIO DE JANEIRO,OK
902185,SALVADOR,OK
902185,RIO DE JANEIRO,OK
902298,SALVADOR,OK
902298,RIO DE JANEIRO,OK
902396,SÃO PAULO,OK
902419,SALVADOR,OK
902433,RIO DE JANEIRO,OK
902795,RIO DE JANEIRO,OK
903095,SALVADOR,OK
903206,RIO DE JANEIRO,OK
903262,SALVADOR,OK
903314,SALVADOR,OK
903446,RIO DE JANEIRO,OK
903584,RIO DE JANEIRO,OK
903795,SÃO PAULO,OK
903912,RIO DE JANEIRO,OK
904098,SÃO PAULO,OK
904257,RIO DE JANEIRO,OK
904334,SALVADOR,OK
904495,RIO DE JANEIRO,OK
904671,RIO DE JANEIRO,OK
905002,SALVADOR,OK
905026,SÃO PAULO,OK
905241,SÃO PAULO,OK
905318,SALVADOR,OK
905468,RIO DE JANEIRO,OK
905504,SÃO PAULO,OK
905509,RIO DE JANEIRO,OK
905702,SÃO PAULO,OK
905919,RIO DE JANEIRO,OK
906064,SALVADOR,OK
906208,RIO DE JANEIRO,REJECTED - SIGNATURES MISSING
906235,SÃO PAULO,OK
906417,SALVADOR,OK
906418,SALVADOR,OK
906545,SALVADOR,OK
906559,SÃO PAULO,OK
906765,SALVADOR,OK
907216,SALVADOR,OK
907380,SALVADOR,OK
907488,RIO DE JANEIRO,OK
907568,SALVADOR,OK
907588,SALVADOR,OK
907904,RIO DE JANEIRO,OK
907968,RIO DE JANEIRO,OK
907970,RIO DE JANEIRO,OK
908305,SALVADOR,OK
908866,SÃO PAULO,OK
908993,SALVADOR,OK
909025,RIO DE JANEIRO,OK
909193,SALVADOR,OK
909202,SALVADOR,OK
909249,SÃO PAULO,OK
909355,RIO DE JANEIRO,OK
909483,RIO DE JANEIRO,REJECTED - PAGES MISSING
909799,RIO DE JANEIRO,OK
909941,SÃO PAULO,OK
910017,RIO DE JANEIRO,OK
910059,SALVADOR,OK
910099,SALVADOR,REJECTED - PAGES MISSING
910303,RIO DE JANEIRO,REJECTED - PAGES MISSING
910484,RIO DE JANEIRO,OK
910597,SALVADOR,OK
910679,RIO DE JANEIRO,OK
910697,RIO DE JANEIRO,OK
910868,SALVADOR,OK
910954,SALVADOR,OK
910963,RIO DE JANEIRO,OK
911163,SÃO PAULO,OK
911248,RIO DE JANEIRO,OK
911326,RIO DE JANEIRO,OK
911424,SÃO PAULO,OK
911450,RIO DE JANEIRO,OK
911601,RIO DE JANEIRO,OK
911647,SALVADOR,OK
911688,SÃO PAULO,OK
911749,SALVADOR,OK
911759,SALVADOR,OK
911776,SALVADOR,OK
911790,SALVADOR,OK
911825,SÃO PAULO,OK
912215,SALVADOR,OK
912596,SALVADOR,OK
912644,SALVADOR,OK
912713,RIO DE JANEIRO,OK
912780,SALVADOR,REJECTED - SIGNATURES MISSING
912790,SÃO PAULO,OK
912906,SALVADOR,OK
912992,SALVADOR,OK
913108,SALVADOR,OK
913124,SALVADOR,OK
913438,RIO DE JANEIRO,OK
913458,SALVADOR,OK
913525,RIO DE JANEIRO,OK
913565,SALVADOR,OK
913576,SALVADOR,REJECTED - SIGNATURES MISSING
913855,SALVADOR,OK
913928,SALVADOR,OK
914048,SÃO PAULO,OK
914097,SÃO PAULO,OK
914314,RIO DE JANEIRO,OK
914329,RIO DE JANEIRO,OK
914345,SÃO PAULO,OK
914379,SALVADOR,OK
914380,SALVADOR,OK
914428,SALVADOR,OK
914814,RIO DE JANEIRO,OK
915077,SÃO PAULO,OK
915283,SALVADOR,OK
915301,SALVADOR,OK
915397,RIO DE JANEIRO,OK
915461,RIO DE JANEIRO,OK
915476,SALVADOR,OK
915487,SALVADOR,OK
915767,SALVADOR,OK
915770,SALVADOR,OK
915897,RIO DE JANEIRO,OK
915922,SÃO PAULO,OK
915991,SALVADOR,OK
916073,SALVADOR,OK
916398,SÃO PAULO,OK
916432,SÃO PAULO,OK
916641,SALVADOR,OK
916898,SALVADOR,OK
917278,SALVADOR,OK
917398,RIO DE JANEIRO,OK
917547,SALVADOR,OK
917579,SÃO PAULO,OK
917662,RIO DE JANEIRO,OK
918281,SALVADOR,OK
918604,RIO DE JANEIRO,OK
918674,SALVADOR,OK
918708,SÃO PAULO,OK
918784,RIO DE JANEIRO,OK
918998,SALVADOR,OK
919085,SALVADOR,OK
919085,SALVADOR,OK
919164,RIO DE JANEIRO,OK
919293,SÃO PAULO,OK
920102,RIO DE JANEIRO,OK
920129,RIO DE JANEIRO,OK
4099425,RIO DE JANEIRO,OK
4107916,RIO DE JANEIRO,OK
6999333,SÃO PAULO,OK
7000019,RIO DE JANEIRO,OK
9000047,RIO DE JANEIRO,OK
900162,RIO DE JANEIRO,REJECTED - PAGES MISSING
578357,SALVADOR,REJECTED - SIGNATURES MISSING
900164,RIO DE JANEIRO,REJECTED - SIGNATURES MISSING
900215,RIO DE JANEIRO,OK